{
    "metrics": {
        "data_received": {
            "count": 950175,
            "rate": 27831.670308712193
        },
        "data_sent": {
            "count": 6536,
            "rate": 191.446625240343
        },
        "http_req_blocked": {
            "avg": 623.7885666666668,
            "max": 16078.5888,
            "med": 0.005,
            "min": 0,
            "p(90)": 77.8666200000011,
            "p(95)": 3343.29477
        },
        "http_req_connecting": {
            "avg": 616.5930321839081,
            "max": 16009.1421,
            "med": 0,
            "min": 0,
            "p(90)": 49.944800000000704,
            "p(95)": 3273.84386
        },
        "http_req_duration": {
            "avg": 1716.266633333333,
            "max": 3654.6185,
            "med": 1698.6674,
            "min": 0,
            "p(90)": 3089.4327800000005,
            "p(95)": 3154.28121
        },
        "http_req_receiving": {
            "avg": 0.7615137931034485,
            "max": 5.5478,
            "med": 0.5541,
            "min": 0,
            "p(90)": 1.5737000000000019,
            "p(95)": 1.9601800000000005
        },
        "http_req_sending": {
            "avg": 0.06618390804597699,
            "max": 1.0336,
            "med": 0.0331,
            "min": 0,
            "p(90)": 0.09608000000000003,
            "p(95)": 0.16724000000000003
        },
        "http_req_tls_handshaking": {
            "avg": 0,
            "max": 0,
            "med": 0,
            "min": 0,
            "p(90)": 0,
            "p(95)": 0
        },
        "http_req_waiting": {
            "avg": 1715.4389356321835,
            "max": 3654.1966,
            "med": 1697.3977,
            "min": 0,
            "p(90)": 3088.4236000000005,
            "p(95)": 3153.8878400000003
        },
        "http_reqs": {
            "count": 87,
            "rate": 2.5483256419690696
        },
        "iteration_duration": {
            "avg": 3686.190211494253,
            "max": 31072.2315,
            "med": 3984.3497,
            "min": 1125.2945,
            "p(90)": 4381.784440000001,
            "p(95)": 7383.133640000011
        },
        "iterations": {
            "count": 87,
            "rate": 2.5483256419690696
        },
        "vus": {
            "max": 10,
            "min": 2,
            "value": 2
        },
        "vus_max": {
            "max": 10,
            "min": 10,
            "value": 10
        }
    },
    "root_group": {
        "name": "",
        "path": "",
        "id": "d41d8cd98f00b204e9800998ecf8427e",
        "groups": {},
        "checks": {}
    }
}
